IQ_1,IQ_2,IQ_3,IQ_4,MRK_1,MRK_2,MRK_3,CBTT_1,CBTT_2,CBTT_3,CBTT_4,CBCN_1,CBCN_2,CBCN_3,CBPP_1,CBPP_2,CBPP_3,CBPP_4,TRU_1,TRU_2,TRU_3,TRU_4,COM_1,COM_2,COM_3,COM_4,COI_1,COI_2,COI_3,age,gender,education,farm_area,tail_end,income
5,5,4,3,2,5,3,5,5,5,5,5,5,5,4,4,2,5,5,4,5,5,4,5,5,4,3,3,3,43,1,2,1.1,1,3
5,3,3,4,1,2,1,3,5,3,3,4,3,5,4,4,4,4,4,3,4,4,4,2,4,5,4,5,5,37,1,3,0.52,0,2
2,3,3,2,5,3,3,1,1,1,1,3,4,4,5,5,5,5,3,1,2,1,1,2,3,3,5,5,5,55,1,3,1.29,0,4
2,3,2,1,5,3,4,4,5,4,3,3,5,5,4,1,2,1,3,3,2,2,5,5,4,5,5,5,5,53,1,4,1.22,0,4
4,4,5,3,3,3,3,5,3,5,5,5,4,3,5,5,4,3,5,5,5,5,4,5,5,4,4,4,3,41,0,2,2.59,0,3
3,2,4,5,4,3,5,2,3,3,4,5,5,4,1,2,3,3,2,2,2,2,1,1,2,1,1,4,2,56,1,1,2.21,1,5
2,4,2,5,5,5,5,1,1,2,1,2,3,3,1,1,1,2,1,1,2,2,3,2,2,2,3,2,3,63,1,3,1.58,1,3
1,1,1,1,3,2,3,4,3,3,5,4,5,5,4,5,5,5,4,5,3,4,5,5,5,5,5,3,3,52,0,2,0.97,0,1
2,4,3,3,3,2,1,1,3,3,3,5,3,5,1,1,1,1,3,4,4,4,4,4,4,4,5,4,4,50,1,4,0.76,1,2
5,3,5,5,4,5,4,5,3,4,5,3,3,3,4,4,5,4,4,5,5,5,4,5,5,5,5,5,5,50,1,4,0.76,1,2
1,2,1,2,1,1,1,1,1,2,1,2,3,4,3,4,2,2,5,5,5,5,5,5,5,5,5,3,3,46,0,4,2.07,0,5
3,4,4,3,3,2,1,3,5,2,3,1,2,2,1,1,1,1,2,3,4,2,2,2,1,1,2,1,4,56,0,5,2.28,1,2
4,4,5,3,4,3,5,3,4,1,3,3,5,5,3,4,2,5,3,2,1,1,2,3,1,2,3,4,3,45,0,3,1.24,1,2
3,2,3,1,3,5,3,2,1,2,2,5,5,3,4,5,5,5,3,2,4,3,1,2,5,1,5,5,5,39,1,1,2.87,0,3
2,2,2,2,3,5,4,3,4,4,5,2,1,2,2,4,4,4,1,2,2,3,2,5,4,5,2,2,2,54,0,2,2.34,0,2
5,5,5,5,2,4,3,4,5,5,4,5,5,5,5,5,4,4,4,5,5,4,4,4,4,2,5,1,2,55,1,3,1.07,0,2
4,2,3,3,3,3,5,2,1,3,2,2,5,4,3,2,4,3,4,3,2,3,2,2,1,3,5,5,5,50,1,1,1.64,0,2
4,5,3,5,1,2,2,4,4,3,4,5,5,5,1,3,2,1,4,4,3,4,3,3,3,4,5,5,5,46,1,3,0.83,0,2
1,1,1,1,2,4,3,1,3,2,3,2,1,4,1,1,1,3,2,2,1,1,3,3,3,2,4,4,4,57,1,2,0.75,0,1
2,4,5,2,4,3,4,1,2,1,2,5,4,4,5,4,5,4,4,4,4,4,5,3,5,4,4,5,5,63,1,2,1.71,0,3
1,1,1,2,3,5,4,1,1,1,2,1,1,2,5,4,2,3,4,3,3,3,5,5,5,4,5,5,5,56,0,2,0.85,1,2
5,5,5,5,5,5,4,4,4,5,5,2,1,2,5,5,4,5,4,4,1,2,3,5,5,5,4,5,5,39,0,2,0.18,0,2
4,4,5,5,5,5,5,3,2,3,4,3,5,4,3,3,4,3,2,2,2,1,4,4,4,5,4,2,3,62,1,2,2.13,1,3
5,5,5,5,2,2,4,5,3,5,5,3,2,4,3,5,4,4,5,5,5,5,5,5,5,5,4,5,5,62,1,1,1.36,0,1
4,4,3,4,5,5,5,4,2,3,2,1,4,3,2,4,2,4,5,4,2,4,1,2,4,2,1,1,3,71,0,2,1.82,1,2
3,5,3,3,2,1,1,1,1,1,1,4,2,2,1,2,3,1,2,1,2,1,2,2,2,1,2,2,1,44,1,3,0.6,1,5
4,5,4,4,3,3,3,5,5,5,4,4,3,2,3,3,5,3,1,1,1,1,2,2,3,2,3,1,3,53,1,3,0.98,0,2
4,5,5,4,3,4,3,5,5,5,5,5,5,5,4,4,4,5,3,5,5,5,5,5,5,5,2,4,3,65,1,5,1.2,1,3
4,5,4,4,1,4,3,5,5,5,5,2,3,3,4,3,5,3,2,3,3,4,5,4,4,5,5,2,4,38,0,1,0.71,1,5
5,5,3,4,1,3,2,1,1,1,1,2,4,5,4,3,4,3,2,3,3,2,2,3,3,2,3,2,1,32,1,3,0.67,1,2
4,3,3,4,2,3,2,5,5,5,4,5,4,5,5,5,4,5,5,5,5,4,4,4,5,3,5,5,5,45,0,5,0.31,0,3
4,3,3,4,4,2,5,1,3,2,1,5,5,5,5,3,4,3,1,1,3,2,4,5,5,4,4,1,3,66,0,4,1.27,1,3
1,2,1,3,2,4,2,3,2,4,4,2,2,1,4,4,4,3,4,5,5,5,4,3,2,3,3,4,5,46,1,3,0.53,1,2
4,5,3,4,2,4,3,5,5,4,5,5,5,5,1,4,2,4,5,5,5,3,2,5,4,5,2,3,2,52,1,1,1.54,0,1
5,4,5,5,5,3,4,2,5,3,2,4,5,5,3,5,4,5,4,1,2,1,4,3,3,2,5,5,5,45,1,3,1.09,0,3
3,4,3,2,5,4,5,4,4,5,3,5,4,5,5,3,4,3,4,5,4,5,4,4,4,5,5,5,4,53,1,2,0.89,1,3
5,3,2,3,3,3,4,2,1,1,1,4,5,3,1,1,3,1,1,2,4,2,4,5,5,4,3,2,2,53,0,4,0.73,1,2
3,4,4,4,3,5,3,3,5,4,4,2,1,2,5,4,4,4,3,3,3,3,2,4,3,4,5,4,5,45,1,3,1.03,0,4
3,4,5,4,2,1,3,2,1,3,1,4,4,3,4,3,3,4,3,2,1,2,4,3,4,4,3,4,2,39,1,2,0.87,1,2
4,3,4,4,4,3,4,5,4,4,4,3,3,2,5,5,4,5,5,4,5,5,3,2,2,4,2,5,3,48,0,4,0.71,0,1
1,1,2,1,3,4,5,5,5,5,5,5,4,5,5,3,3,3,5,3,4,3,4,4,5,3,3,3,2,37,0,3,0.24,0,2
2,1,2,3,5,5,5,1,1,1,1,2,3,3,1,2,2,3,2,4,2,3,4,4,5,3,5,5,5,57,1,3,0.68,0,2
4,3,4,5,2,3,2,2,4,3,2,1,4,3,5,5,3,4,1,2,2,3,2,2,1,2,2,4,3,63,0,1,0.58,0,2
1,1,1,3,5,4,4,1,1,1,1,2,4,4,1,1,1,2,1,1,1,1,1,1,1,1,3,2,2,43,0,3,0.46,1,4
5,4,4,3,2,1,2,5,5,3,5,5,5,5,2,3,3,4,5,5,4,5,3,3,4,4,5,5,5,46,1,3,1.88,0,4
4,3,4,3,1,1,2,1,1,4,4,3,4,2,4,4,2,4,2,1,2,1,5,3,2,4,4,3,2,55,1,4,2.86,0,4
1,1,1,1,5,3,4,1,3,1,1,2,3,5,5,5,4,4,5,5,3,5,4,4,3,4,5,3,4,30,1,3,1.03,0,3
4,5,5,5,5,5,5,4,3,4,3,2,1,3,1,3,3,4,3,5,5,5,4,5,5,5,4,5,4,50,1,5,1.22,0,3
4,3,4,4,2,4,2,4,4,3,3,5,5,5,3,3,1,2,4,4,4,5,3,2,1,2,1,3,1,58,1,4,0.99,0,2
2,3,1,1,3,2,3,2,1,1,1,4,3,5,2,3,1,3,2,4,5,5,1,1,1,1,3,3,1,53,0,1,1.57,0,5
5,5,4,5,1,1,1,1,3,4,5,4,5,5,4,5,5,5,4,5,5,5,3,5,5,3,3,2,3,43,1,4,1.72,0,4
4,2,4,4,4,5,4,5,4,4,5,5,5,5,4,2,2,3,2,2,1,1,1,1,1,1,2,3,1,51,0,2,1.71,1,3
1,1,2,2,1,2,2,2,5,5,4,3,2,4,1,1,3,2,5,5,5,5,4,4,3,4,2,5,1,49,1,1,1.67,0,3
2,2,3,3,5,5,3,4,5,3,2,1,1,1,3,1,3,1,4,4,4,4,4,5,5,5,4,4,4,31,1,3,1.52,0,4
5,5,5,3,2,5,4,5,5,5,5,5,5,5,4,3,4,3,2,3,3,5,2,4,4,3,4,4,5,56,0,4,1.55,0,2
2,3,2,1,2,5,3,1,1,2,1,3,3,4,3,5,4,4,5,5,5,5,3,2,4,3,4,2,4,39,0,5,1.17,1,3
4,5,5,5,5,4,5,4,3,3,3,2,4,5,3,3,2,1,4,5,4,4,1,2,4,5,5,5,5,42,1,3,0.29,0,3
4,5,5,5,3,5,3,5,2,5,5,5,5,5,5,5,4,4,5,5,5,5,5,5,5,5,1,1,1,54,0,3,1.05,1,2
3,2,1,2,4,5,2,2,3,4,5,4,3,4,5,4,3,4,3,5,5,3,5,5,5,5,3,3,4,43,1,3,0.52,1,1
4,5,4,3,1,1,2,3,2,4,3,3,4,4,3,3,2,2,2,3,4,2,3,5,4,4,5,4,4,35,0,2,2.66,1,4
5,3,4,4,4,2,1,1,1,2,1,5,4,5,3,4,2,3,1,1,5,2,3,2,3,2,2,3,3,54,0,2,1.25,0,3
3,2,3,2,5,3,3,4,3,5,4,2,2,3,3,5,4,4,5,5,5,5,5,4,5,5,4,5,5,38,1,3,0.8,1,4
2,1,3,3,5,5,3,5,4,3,4,3,4,3,3,1,3,1,3,4,5,5,5,5,5,4,3,4,5,28,1,2,1.15,1,2
5,5,5,5,3,4,4,5,3,5,5,1,3,4,4,1,2,2,3,2,3,4,3,5,5,4,5,3,2,35,1,2,1.16,0,3
3,4,2,3,4,5,5,1,2,1,1,2,5,4,1,1,2,1,4,3,1,1,4,5,3,5,3,4,3,49,1,3,4.12,1,2
2,3,1,2,2,1,2,1,2,1,1,4,4,4,4,5,3,4,5,4,5,5,4,5,5,4,5,5,5,48,1,3,1.2,0,2
5,5,5,5,3,2,3,5,5,5,4,5,5,5,4,5,5,4,3,3,1,2,2,1,2,2,4,2,3,42,0,4,0.34,0,1
1,2,2,1,5,4,3,5,5,4,3,1,4,2,3,2,4,2,2,4,1,3,4,3,5,2,3,4,5,39,1,3,4.74,0,2
4,2,3,3,2,2,4,5,4,3,2,4,3,3,4,5,4,3,1,1,1,1,4,2,1,4,1,1,1,40,1,5,1.19,0,1
4,4,4,5,2,4,3,3,1,3,1,3,1,2,5,4,3,5,4,5,3,3,1,1,1,2,1,3,4,54,1,1,0.48,0,3
4,5,4,5,4,2,2,1,4,2,4,3,3,3,2,1,3,1,5,5,5,5,5,5,5,5,5,5,5,71,0,4,2.16,1,3
4,2,4,3,5,3,5,2,2,4,2,5,4,4,2,4,1,1,5,5,5,5,3,4,5,4,3,5,4,47,1,2,1.63,1,5
5,5,5,5,2,1,2,4,3,4,4,4,5,5,3,1,3,3,3,4,4,4,5,5,5,5,4,5,5,56,0,2,0.24,0,3
4,5,3,4,2,4,3,1,1,1,1,4,4,2,1,1,1,3,1,1,1,2,4,4,3,5,4,4,3,44,0,1,2.99,1,4
5,3,5,5,1,3,1,4,4,5,5,3,4,4,5,5,5,5,4,5,5,5,4,4,4,3,5,5,5,57,1,3,1.11,0,2
4,4,4,3,5,5,5,3,4,4,4,4,3,5,5,5,4,5,2,3,2,5,5,4,5,4,1,5,4,55,0,2,0.64,1,5
4,3,5,4,1,1,1,4,3,4,4,3,3,3,2,2,1,1,3,3,4,5,2,2,4,4,5,3,2,52,1,2,0.6,1,2
5,5,5,5,1,3,2,5,5,5,5,5,5,5,3,5,4,5,5,5,3,5,5,5,5,5,5,5,5,40,1,2,1.06,0,4
1,1,1,1,2,2,3,3,3,2,3,2,2,2,2,2,3,3,4,3,3,3,1,2,3,2,3,3,5,59,1,4,0.71,0,4
5,5,5,5,4,2,5,5,4,5,5,5,5,2,5,5,1,5,3,4,5,4,4,5,4,5,3,5,4,49,1,4,2.15,0,2
2,5,3,3,1,1,2,3,4,3,3,4,5,5,3,2,2,1,5,5,5,5,1,1,1,1,5,5,5,38,1,3,1.72,1,3
5,5,5,5,3,2,3,3,4,5,3,2,1,3,2,2,1,2,3,3,3,2,4,4,4,3,5,4,3,68,0,1,1.04,1,3
4,4,5,5,3,3,5,5,5,5,4,4,4,3,5,5,4,5,4,5,5,5,5,5,3,5,5,5,5,55,1,2,1.58,0,2
1,1,1,1,1,2,4,4,3,4,2,2,2,3,1,1,1,1,4,5,3,5,3,5,5,5,5,4,4,39,1,4,0.22,1,4
3,4,2,3,1,1,1,4,4,3,3,5,5,4,4,3,5,4,5,4,5,5,5,5,5,4,5,4,5,42,1,2,2.41,1,3
1,2,1,1,4,2,4,1,1,1,1,3,3,3,2,2,1,3,3,1,2,1,3,1,1,2,2,3,1,58,1,2,1.41,0,4
5,5,4,5,1,1,5,4,3,3,4,4,2,3,4,4,4,4,4,4,4,5,5,5,5,5,5,5,5,49,1,2,3.11,1,5
3,4,3,3,5,4,5,1,3,2,3,3,1,1,3,4,4,4,4,5,2,4,2,4,5,4,2,1,3,41,1,4,2.73,0,4
5,5,5,5,5,4,4,5,3,5,3,5,5,4,5,3,5,2,4,4,5,3,5,5,5,5,4,5,4,43,1,4,1.7,1,3
3,3,3,2,1,1,1,4,2,1,2,4,2,1,4,2,4,2,4,4,4,3,1,2,1,2,2,2,3,52,1,2,0.44,1,4
5,5,5,4,1,2,1,5,3,4,5,4,4,3,3,5,5,5,4,5,4,5,3,4,4,5,4,3,4,51,1,4,2.09,0,3
1,2,2,1,5,5,4,1,3,1,1,2,3,3,2,2,1,4,3,3,3,3,5,5,5,5,2,5,5,62,1,2,1.37,0,3
3,4,2,2,5,5,5,5,5,4,4,5,5,5,5,4,4,4,5,5,5,5,5,5,5,5,3,5,3,60,0,2,0.67,0,4
5,5,5,5,2,4,2,3,2,4,4,2,4,4,5,3,3,3,3,2,3,3,3,4,5,4,4,5,5,56,0,3,0.97,1,3
5,5,5,5,1,3,2,2,4,3,3,4,2,3,5,5,4,5,2,3,4,3,5,3,3,4,2,2,3,40,1,3,1.95,0,4
2,1,1,1,5,4,4,1,1,1,1,5,4,5,4,2,5,2,2,3,2,3,2,2,1,1,3,3,4,70,1,3,3.6,0,3
5,5,5,5,2,2,2,5,5,5,5,5,5,5,4,4,5,5,5,5,5,5,5,4,5,4,1,1,1,46,0,4,1.98,1,3
4,5,5,3,3,4,5,5,4,4,4,5,5,5,4,3,2,4,5,3,3,2,3,5,3,4,5,4,4,51,1,1,1.31,1,4
5,5,5,5,3,5,1,4,3,5,4,4,4,3,5,4,2,5,1,4,3,3,5,3,3,4,4,1,2,46,1,3,0.76,0,2
4,3,5,5,5,5,5,4,4,2,4,1,3,1,1,5,4,3,4,3,1,2,4,5,4,4,4,3,5,50,1,2,0.68,0,2
3,2,3,3,2,3,3,3,3,3,3,5,5,5,2,2,3,3,5,5,5,5,5,5,5,5,3,4,5,50,0,2,1.43,0,1
5,3,5,5,1,1,1,4,5,4,5,4,4,3,2,1,2,2,1,2,2,3,5,5,5,4,4,4,5,54,1,4,0.83,0,4
2,1,1,2,4,5,4,1,1,1,1,3,2,2,3,3,5,2,4,2,3,2,1,4,2,3,2,3,2,45,1,2,0.66,0,3
1,1,1,1,5,2,3,1,1,3,1,2,3,2,4,5,4,3,5,3,2,5,5,5,4,3,5,5,4,46,0,2,1.72,0,3
4,5,5,5,1,3,1,4,4,4,4,3,5,4,1,5,5,5,5,5,3,5,2,5,4,4,5,4,5,22,0,2,0.98,1,3
2,2,3,1,4,4,3,2,1,2,3,4,4,3,4,3,1,4,2,2,2,1,3,4,2,4,4,4,3,56,1,4,1.01,0,3
3,2,1,1,1,2,2,1,2,2,1,1,1,2,1,1,1,1,3,5,4,3,4,3,4,4,3,1,1,54,0,3,0.85,1,2
4,4,5,4,2,1,1,4,5,3,5,5,3,3,5,5,5,4,1,2,2,3,2,2,1,2,5,5,5,52,1,2,1.72,0,4
4,2,3,4,4,2,4,4,5,5,4,2,2,4,4,5,4,2,3,1,1,1,3,1,2,2,1,1,1,50,1,2,0.98,0,5
3,3,2,3,1,3,3,5,5,5,5,3,5,5,5,4,3,2,4,1,3,1,2,1,1,1,3,4,2,59,1,2,0.65,0,3
1,2,1,3,3,3,4,3,4,3,4,2,1,3,2,3,2,3,5,2,4,3,3,1,3,1,5,3,4,59,1,1,0.57,0,3
5,4,5,4,3,1,1,2,1,1,1,5,5,5,5,5,5,5,4,2,2,1,5,3,4,5,5,4,4,40,1,3,1.32,0,3
2,2,3,3,5,5,5,3,4,2,3,3,4,3,3,3,5,4,3,2,2,3,5,3,4,3,1,4,1,33,1,3,1.66,0,3
3,4,3,4,2,4,4,5,5,4,5,5,2,3,3,5,5,4,2,2,1,2,3,2,2,2,4,5,5,48,1,4,0.68,0,2
4,5,5,4,3,4,5,3,1,4,2,5,5,2,3,3,4,4,3,3,5,5,4,3,3,4,1,3,2,56,0,2,2.49,1,4
2,4,2,5,4,4,4,5,4,5,5,3,3,3,2,5,4,4,5,5,5,5,5,3,4,5,5,4,4,52,0,3,1.5,0,2
1,2,1,3,5,5,4,5,3,3,4,1,1,3,3,3,5,4,5,5,5,5,5,4,5,4,4,4,5,47,0,4,1.56,1,3
5,4,4,4,4,3,3,5,4,5,5,4,5,4,3,3,5,5,3,4,4,4,5,5,5,5,5,3,4,60,0,3,2.25,0,3
4,3,3,3,2,2,2,4,4,3,5,3,5,3,4,5,5,4,3,2,4,3,5,5,5,5,4,3,2,52,1,2,1.02,0,2
2,2,4,2,5,2,5,1,1,2,2,2,3,2,5,5,4,5,5,4,5,4,5,3,3,4,2,3,2,42,0,2,0.92,0,2
4,4,4,2,2,3,2,2,2,4,4,4,4,2,2,3,4,4,3,5,4,4,3,3,4,4,2,2,3,38,1,2,0.83,0,3
4,5,5,5,4,5,4,2,3,3,3,3,2,5,5,5,5,5,3,3,3,3,3,4,4,2,5,5,4,48,1,4,1.22,0,3
3,5,3,5,2,1,1,5,3,4,4,2,3,1,1,3,3,3,5,5,5,5,4,4,2,3,5,5,5,47,1,3,0.59,0,3
1,2,1,1,5,3,5,2,1,1,1,4,4,2,3,1,2,1,2,2,1,3,4,4,4,3,1,3,2,45,1,2,0.91,0,3
3,3,2,1,5,5,5,1,1,1,1,5,5,5,5,2,2,4,2,1,1,2,4,5,1,5,5,5,5,56,1,2,0.88,0,2
5,5,5,5,5,5,5,5,4,4,5,5,5,5,4,5,5,4,2,3,3,2,1,2,2,2,4,4,4,50,0,3,0.9,1,2
5,5,5,5,4,3,5,5,3,4,4,5,5,5,3,5,3,4,5,5,5,4,3,4,4,5,2,2,2,49,1,2,0.67,0,2
2,3,2,4,3,5,5,1,4,1,1,2,4,5,2,1,1,1,1,1,1,1,1,1,1,1,2,3,2,55,0,3,2.68,0,4
1,3,1,1,4,4,3,4,3,5,3,5,5,5,2,3,3,5,5,5,3,2,4,5,5,5,1,1,1,63,0,4,1.15,0,3
3,4,5,5,1,2,4,1,3,3,2,4,4,3,1,3,4,1,3,3,1,1,2,4,3,1,4,5,4,42,1,2,0.63,1,1
4,5,4,5,2,4,2,5,4,5,5,5,5,5,2,4,5,5,2,4,3,4,3,5,4,5,5,3,4,58,1,3,2.18,0,4
4,3,3,2,4,5,5,4,4,4,4,1,1,2,3,2,2,1,3,2,3,2,5,5,5,5,4,5,5,51,1,5,5.52,1,4
5,4,5,5,5,5,5,5,3,4,4,4,4,2,4,4,2,3,5,3,4,3,4,3,5,4,4,4,2,41,0,5,0.36,1,1
3,4,4,2,3,4,4,5,4,5,4,5,5,5,5,4,4,5,5,5,5,5,4,5,2,4,5,5,4,47,0,4,2.64,1,2
5,5,5,4,5,5,5,2,1,1,2,4,2,5,2,1,2,2,2,2,4,4,4,3,4,3,1,1,1,57,0,3,0.7,0,4
5,5,5,5,5,5,5,4,5,5,4,5,5,5,4,5,4,5,5,3,4,5,1,5,5,4,5,4,4,39,0,2,0.52,1,3
5,2,5,5,3,1,1,2,5,3,4,5,5,5,3,1,1,4,4,5,5,3,4,1,2,2,4,2,4,54,0,1,1.22,1,2
1,5,3,2,4,5,5,3,5,3,4,2,3,3,2,4,3,3,4,4,4,4,4,4,3,4,3,4,4,52,0,3,0.39,1,4
5,4,5,5,2,4,3,3,4,4,4,2,4,5,3,3,1,3,4,5,4,5,5,4,4,4,5,5,5,42,1,3,1.81,1,4
5,3,4,4,2,2,3,4,5,3,5,2,3,1,5,3,5,5,5,4,4,5,4,2,4,3,4,5,5,46,0,4,1.17,0,3
2,2,2,4,4,3,2,2,4,1,1,1,3,5,5,3,4,5,2,1,2,2,4,4,5,5,3,3,4,52,1,2,1.7,0,5
5,3,5,3,1,1,1,5,4,4,3,4,2,3,4,4,3,5,3,2,5,1,1,1,1,1,4,3,5,57,0,2,0.61,1,3
2,2,2,1,1,1,2,2,1,2,1,3,3,4,1,1,1,1,2,2,1,2,5,5,5,5,2,3,2,55,1,2,0.91,1,4
4,5,5,5,5,5,5,4,4,4,5,3,4,5,4,4,5,2,4,5,4,4,4,5,4,3,5,5,5,59,1,3,0.58,1,3
5,5,5,5,1,4,1,5,5,4,4,3,5,4,2,1,1,1,4,4,2,4,5,2,2,1,4,5,5,46,0,4,1.53,0,4
5,5,4,4,2,3,3,1,2,3,1,5,5,3,5,3,4,3,4,5,5,5,2,4,4,4,3,3,4,56,1,4,0.44,0,2
2,2,3,1,3,2,5,3,5,5,5,3,1,2,3,2,4,2,1,2,1,2,5,2,2,2,5,5,5,37,0,3,1.2,0,1
3,3,2,2,3,2,3,4,3,2,4,4,3,5,1,3,5,3,1,5,3,3,3,1,1,1,5,5,4,46,1,3,0.85,0,2
2,1,3,2,4,4,3,4,5,4,4,3,4,2,5,5,4,4,1,1,1,1,1,1,1,1,1,1,1,48,1,2,0.88,1,2
2,5,3,3,2,4,2,2,1,2,1,4,5,5,4,4,5,5,5,4,3,4,5,2,4,4,2,4,2,40,0,3,0.18,0,2
4,4,4,5,3,4,5,5,4,4,5,2,2,4,2,2,1,5,4,5,2,3,1,2,1,3,5,4,5,51,0,5,0.92,0,1
3,2,5,3,3,1,1,5,4,4,5,4,4,5,1,3,2,1,4,5,3,4,2,3,3,3,4,5,4,54,1,1,0.52,0,2
2,3,2,3,5,4,5,4,4,4,4,3,1,1,2,1,1,2,4,2,2,5,2,3,5,4,2,2,3,45,1,2,1.56,0,3
5,4,4,3,4,4,3,4,4,4,5,3,1,2,3,4,4,3,4,4,5,3,5,4,5,5,4,4,5,61,0,2,0.46,1,3
3,4,5,5,5,3,3,5,4,2,4,4,2,3,2,2,2,2,1,3,3,2,2,2,2,2,1,1,1,56,1,3,2.04,0,3
3,2,2,1,1,5,4,3,4,4,3,2,1,1,4,3,5,2,2,2,2,1,2,1,4,4,1,2,3,44,0,3,1.0,1,3
1,2,1,2,5,5,5,1,1,1,1,4,2,3,3,4,3,4,1,1,1,1,3,3,4,2,1,4,1,41,0,3,0.81,0,4
3,2,2,4,4,4,4,1,1,1,1,2,1,3,1,1,1,2,5,4,5,5,3,2,2,2,5,5,4,44,0,5,0.97,0,2
5,5,5,5,3,2,1,5,3,1,4,4,5,5,2,2,5,2,1,2,3,4,2,2,1,3,5,3,5,33,1,4,2.22,0,2
2,1,2,2,4,3,3,2,2,2,1,4,1,1,1,1,1,1,4,4,5,4,5,5,5,3,4,5,4,37,1,2,1.28,1,4
3,3,3,3,1,2,1,4,2,3,3,5,5,4,1,2,1,3,5,3,5,4,5,3,3,2,4,2,3,35,1,3,1.15,1,2
2,4,2,1,1,5,3,5,5,5,4,4,4,3,1,1,4,1,5,4,3,2,5,3,4,4,5,4,3,39,1,3,0.98,0,1
5,3,3,4,1,2,4,3,4,4,4,5,5,4,3,4,2,1,1,2,2,3,5,3,5,5,3,3,2,49,0,2,0.84,1,2
2,4,2,3,1,1,1,4,5,5,4,4,3,3,2,4,3,2,5,5,5,5,4,3,5,3,4,5,4,59,0,2,1.09,1,4
2,2,2,2,3,4,1,2,3,5,2,3,5,4,3,2,4,4,2,1,2,3,3,3,5,4,3,4,2,58,1,2,0.61,0,2
2,3,1,2,4,2,3,3,2,3,3,1,3,3,3,2,1,5,3,3,4,3,2,1,1,4,3,2,3,51,1,2,0.72,1,3
5,5,5,5,2,5,5,5,5,5,5,3,4,4,1,2,1,3,3,2,3,3,3,2,2,3,3,4,3,42,1,1,0.58,0,2
5,5,5,5,3,1,1,4,2,4,4,5,5,5,2,1,2,3,4,2,3,5,5,4,5,5,5,5,5,61,1,4,0.66,1,3
5,5,5,5,3,4,3,2,5,2,3,5,5,5,3,1,2,2,3,1,3,4,4,1,1,1,5,5,4,57,1,3,0.81,0,4
2,2,2,1,2,4,2,2,3,4,4,5,3,1,4,5,4,5,5,5,5,5,5,5,5,5,5,4,4,40,1,2,0.75,0,3
1,2,1,1,4,4,3,3,2,2,3,3,1,1,1,1,1,1,1,3,2,2,4,4,4,3,4,3,3,44,1,4,2.25,0,4
3,2,4,4,5,5,5,5,4,5,5,2,1,2,2,1,1,2,1,1,2,1,4,1,2,4,4,3,5,40,1,2,1.38,1,1
5,5,5,5,4,3,4,5,5,5,5,5,5,5,1,2,5,2,1,1,1,1,4,3,2,2,3,2,1,54,1,4,1.74,0,4
3,5,4,3,2,1,3,1,1,1,3,4,5,3,5,5,5,5,5,4,5,4,3,4,4,5,4,5,5,51,1,2,0.84,0,1
4,3,5,5,3,3,4,4,2,3,2,5,5,5,3,5,4,3,1,2,3,2,5,4,4,3,5,2,5,39,0,5,0.81,1,3
3,3,4,3,5,4,5,4,4,5,5,2,3,2,2,1,1,2,3,3,2,2,4,3,3,4,3,4,1,58,0,2,2.29,0,4
2,1,2,1,4,5,4,3,2,2,1,2,3,1,5,5,2,4,2,4,2,3,4,4,4,4,2,2,3,44,1,3,0.63,1,1
4,4,5,5,4,5,5,5,4,5,5,5,5,4,4,2,2,4,1,1,1,1,1,3,2,4,1,2,1,43,1,4,1.33,1,2
4,5,5,4,5,3,1,1,1,1,1,3,4,4,1,1,1,1,1,1,1,1,3,2,2,3,4,3,2,61,0,3,3.28,1,1
2,2,3,2,5,5,5,4,3,3,4,1,1,3,3,4,4,2,5,5,5,5,5,3,1,4,4,5,5,58,0,3,1.2,0,3
5,2,4,4,1,2,4,4,3,5,5,5,5,5,5,5,5,5,5,5,5,5,5,5,5,5,4,5,5,54,1,4,2.23,0,2
2,4,3,3,3,1,1,2,1,3,1,5,1,4,1,3,2,2,3,4,2,1,1,2,2,3,3,3,3,58,1,3,2.52,0,2
4,2,3,4,4,2,1,2,1,3,2,3,3,1,5,2,3,3,2,3,3,3,2,2,3,1,5,4,4,54,0,2,0.42,0,2
5,5,5,5,4,3,3,4,5,3,4,5,5,4,5,5,5,5,5,5,5,5,5,5,5,4,4,4,4,47,1,3,0.92,1,2
4,4,2,4,4,2,3,1,1,1,1,5,4,5,5,4,3,5,2,1,1,1,1,1,1,2,2,1,1,39,0,1,0.89,0,1
1,1,2,3,4,3,3,3,3,4,3,3,3,2,3,2,1,4,4,2,1,2,2,3,5,2,3,4,4,41,1,3,0.94,1,2
5,3,4,3,5,5,5,3,5,4,4,4,4,4,1,3,4,5,5,5,5,5,5,5,5,4,5,5,5,47,0,2,0.28,1,5
5,4,5,5,5,5,5,4,3,5,3,5,5,5,5,5,4,4,5,5,5,5,5,5,5,5,4,5,5,51,0,2,1.48,0,1
3,3,2,3,4,3,3,2,2,2,2,4,2,4,1,1,1,1,5,5,4,3,5,5,5,3,5,5,5,48,1,4,0.57,1,3
5,4,4,5,4,5,5,5,5,4,4,4,5,4,3,4,2,2,5,5,5,5,4,5,5,5,4,5,4,36,0,1,0.97,1,3
3,5,5,4,5,5,4,2,3,2,1,4,5,3,3,2,3,3,3,4,3,4,4,4,5,4,4,1,3,50,0,2,1.65,0,4
5,5,5,5,3,4,2,4,2,4,3,5,5,5,4,4,4,4,3,4,2,3,5,4,3,5,3,4,4,56,1,2,0.94,0,2
4,4,5,5,1,1,1,3,4,3,4,3,3,2,2,3,3,3,2,1,2,2,2,2,3,3,1,4,3,36,0,2,0.81,0,3
2,2,1,3,5,5,3,4,4,3,2,3,4,1,1,2,3,3,5,3,5,5,4,1,3,1,5,5,5,49,1,3,2.55,0,4
4,3,4,5,4,4,5,1,5,2,2,5,4,3,5,5,4,4,4,4,5,5,3,4,4,3,3,4,2,45,1,2,0.85,1,3
5,5,5,5,5,4,3,4,5,5,4,5,3,4,5,5,5,5,4,4,3,4,3,1,1,1,4,3,2,38,0,3,0.79,1,2
5,5,5,2,5,5,5,5,5,5,5,5,2,2,5,4,4,4,5,5,5,5,5,5,5,5,2,1,2,61,0,1,1.39,1,3
5,5,5,5,5,5,3,3,5,5,3,1,1,2,1,2,5,3,3,4,5,4,4,5,5,5,2,4,3,50,0,4,1.24,0,4
5,5,5,5,4,4,5,4,4,4,4,5,4,3,4,5,5,5,1,1,2,1,4,3,3,4,5,5,5,37,1,2,0.64,0,5
3,3,4,2,1,1,1,4,4,5,5,5,4,4,4,1,2,2,4,4,5,4,2,3,1,1,5,5,4,35,0,2,0.27,0,1
3,4,2,2,2,4,3,2,3,3,3,2,5,5,4,5,4,5,5,5,4,3,5,5,5,5,5,5,4,56,1,2,0.64,0,2
4,4,4,2,2,4,4,5,5,5,5,4,5,3,2,1,2,3,3,4,3,4,5,4,5,5,5,5,5,47,1,2,0.89,1,3
1,1,1,1,3,4,3,4,4,4,4,4,4,3,4,3,3,5,4,3,4,4,3,2,3,1,5,4,5,50,0,2,0.86,0,1
4,4,4,5,4,2,5,2,3,2,3,5,5,5,5,5,5,5,5,5,5,5,5,5,4,4,4,4,4,50,1,1,4.23,0,4
4,3,4,4,3,2,4,4,3,2,3,2,2,1,4,3,3,3,4,2,4,3,2,4,4,4,3,3,3,33,1,2,1.09,1,4
2,3,1,1,5,4,4,1,1,2,1,3,4,2,5,5,5,5,3,2,2,1,5,2,5,3,5,4,5,53,1,3,1.9,0,1
2,2,2,3,3,2,3,2,2,3,2,2,2,3,3,2,4,2,4,5,4,3,4,4,5,5,5,5,5,29,0,1,0.51,1,2
4,5,5,5,4,4,3,4,4,4,5,4,2,3,2,3,4,3,1,2,2,2,5,5,3,3,5,4,5,56,1,2,2.87,0,3
3,2,3,3,5,5,5,3,4,4,4,1,1,2,2,2,1,3,2,5,4,5,2,4,4,4,2,2,1,54,1,1,3.38,1,3
4,4,4,4,5,3,5,4,5,1,3,4,5,4,1,3,3,2,2,1,2,1,4,3,3,2,3,5,4,45,0,2,0.79,1,3
3,1,3,3,2,3,3,4,3,5,4,4,5,3,2,2,2,2,5,5,5,5,5,3,4,3,3,1,3,50,0,2,0.81,0,2
5,5,5,5,3,2,2,3,4,3,3,5,5,5,3,4,5,2,5,5,4,5,5,5,5,4,5,5,5,50,1,3,1.69,0,4
5,4,5,1,5,5,5,3,2,2,1,5,5,3,2,2,1,1,5,4,4,4,3,5,5,4,4,2,3,45,0,3,1.5,1,2
5,5,5,4,5,5,5,5,2,3,2,2,3,4,3,3,4,3,1,4,2,2,2,2,1,3,5,2,3,51,1,2,0.74,0,1
5,5,5,5,4,3,5,3,4,2,2,3,2,3,1,3,3,2,4,3,4,2,4,3,2,4,1,1,1,43,0,3,0.73,0,3
2,1,2,3,5,4,5,2,3,2,2,1,1,1,3,4,3,1,1,1,1,1,2,2,1,2,1,1,1,35,1,1,0.96,1,3
5,5,5,5,1,2,1,3,1,5,3,5,5,5,4,4,4,4,5,2,5,2,5,4,5,4,4,4,5,39,1,2,1.27,1,1
1,1,1,1,4,5,3,2,2,2,1,1,1,1,2,1,2,2,1,1,1,1,1,1,1,1,1,1,1,46,0,1,1.08,0,2
1,4,1,1,5,5,5,3,5,4,4,3,4,2,2,3,3,1,2,3,3,4,1,2,1,1,2,4,4,42,1,3,0.95,1,2
